[
   {
      "id": "120363040808931985@g.us",
      "key": "vpn",
      "response": "*🔰👑𝗥𝗔𝗝𝗔 𝗦𝗘𝗩𝗘𝗥 𝗣𝗥𝗘𝗠𝗜𝗨𝗠👑🔰*\n=================================\n*🥇𝙱𝚈 𝙰𝚁𝙸 𝚅𝙿𝙽 𝚂𝚃𝙾𝚁𝙴🥇*\n=================================\nPILIH MODE INJECT NYA \n1. SSH/OPEN SSH/SelowDns Account\n2. Xray/Vmess Account\n3. Xray/Vless Account\n4. Trojan Account\n5. Sodosok WS/GRPC Account \n================================= \n*SERVER SINGAPURA BUKA✓*\n📝LIST HARGA & SERVER :\nISP : DIGITAL OCEAN \n1. sgpremium.my.id \nDISCOUNT 30%\n*SPESIFIKASI :*\n~RAM 4 GB\n~vCPUs 2 AMD\n~SSD 80 GB Disk\n🇸🇬SG VIP : Rp 1.750 (3 HARI)\n🇸🇬SG VIP : Rp 2.000 (7 HARI)\n🇸🇬SG VIP : Rp 3.500 (15 HARI)\n🇸🇬SG VIP : Rp 5.000 (22 HARI) \n🇸🇬SG VIP : Rp 7.000 (30 HARI)\n🇸🇬SG VIP : Rp 15.000 (60 HARI) \n2. vvip.sgpremium.my.id\n*SPESIFIKASI :*\n~RAM 8 GB\n~vCPUs 4 AMD\n~160 GB Disk\n🇸🇬SG VVIP : Rp 2.000 (3 HARI)\n🇸🇬SG VVIP : Rp 3.500 (7 HARI)\n🇸🇬SG VVIP : Rp 5.000 (15 HARI)\n🇸🇬SG VVIP : Rp 7.000 (22 HARI) \n🇸🇬SG VVIP : Rp 10.000 (30 HARI)\n🇸🇬SG VVIP : Rp 20.000 (60 HARI) \n=================================\n*SERVER INDONESIA BUKA✓*\n📝LIST HARGA & SERVER :\n1. - nusa.idpremium.my.id\n - nusa1.idpremium.my.id\n*SPESIFIKASI :*\n~RAM 1 GB\n~CPU 1\n~25 GB SSD Disk\n~Unlimitid Bandwidth\nISP : Media Antar Nusa PT.\n🇮🇩ID NUSA : Rp 2.000 (3 HARI)\n🇮🇩ID NUSA : Rp 3.500 (7 HARI)\n🇮🇩ID NUSA : Rp 5.000 (15 HARI)\n🇮🇩ID NUSA : Rp 7.000 (22 HARI) \n🇮🇩ID NUSA : Rp 10.000 (30 HARI)\n🇮🇩ID NUSA : Rp 20.000 (60 HARI) \n====================================\nKhusus Pulsa : ↙️\nHarga.+5k\n====================================\n• MINTA CONFIG MENTAHAN Rp 1.000\n• CONFIG PREMIUM DARI SAYA GRATIS\n====================================\n✅BISA TRIAL DULU\n===================================\n💵PEMBAYARAN VIA ALL PAYMET :\n💳DANA VIA QRIS\n💳LINKAJA VIA QRIS\n💳OVO VIA QRIS\n💳SHOPEEPAY VIA QRIS \n💳GOPAY VIA QRIS\n💳BRI MOBILE VIA QRIS\n💳PULSA *(NOMER TRANSAKSI PULSA CHAT ADMIN, HARGA PULSA BERBEDA)*\nJika Sudah di tranfer Secrenshoot bukti pembayaran Dan segera saya preses😉\n=====================================\n*✅KELEBIHAN BELI AKUN PREMIUM✅*\nNonton YouTube Lancar 4K✓\nServer Tidak Gampang Error✓\nBuat Download Fast Speed✓\nANTI RECONNECT✓\nSupport Video Call (GANTI UDP 7100-7900)✓\nSupport GAME (TERGANTUNG TKP)✓\nKoneksi stabil ✓\nFast Connect ✓\nGaransi 100%✓\nBonus Config✓\nDLL\n=====================================\n*⚙️PENGATURAN PEMBELI⚙️*\nNO DDOS !!!\nNO HACKING !!! \nNO CARDING !!!\nNO TORRENT !!!\nNO SPAMMING !!! \nNO PLAYING PLAYSTATION !!!\nMAX 2 Device !!!\n*Melanggar AUTO BAN!!!* \n=====================================\n☎️MINAT ?? HUBUNGI : \n✅WhatsApp : wa.me/+6281327393959 \n✅Telegram : https://t.me/ARI_VPN_STORE\n✅Testimoni : t.me/RAJA_VPN_STORE\n✅100% Amanah🙏\n✅SUDAH TERPERCAYA 😉",
      "isImage": false,
      "image_url": "-"
   },
   {
      "id": "120363040808931985@g.us",
      "key": "beli",
      "response": "*🔰👑𝗥𝗔𝗝𝗔 𝗦𝗘𝗩𝗘𝗥 𝗣𝗥𝗘𝗠𝗜𝗨𝗠👑🔰*\n=================================\n*🥇𝙱𝚈 𝙰𝚁𝙸 𝚅𝙿𝙽 𝚂𝚃𝙾𝚁𝙴🥇*\n=================================\nPILIH MODE INJECT NYA \n1. SSH/OPEN SSH/SelowDns Account\n2. Xray/Vmess Account\n3. Xray/Vless Account\n4. Trojan Account\n5. Sodosok WS/GRPC Account \n================================= \n*SERVER SINGAPURA BUKA✓*\n📝LIST HARGA & SERVER :\nISP : DIGITAL OCEAN \n1. sgpremium.my.id \nDISCOUNT 30%\n*SPESIFIKASI :*\n~RAM 4 GB\n~vCPUs 2 AMD\n~SSD 80 GB Disk\n🇸🇬SG VIP : Rp 1.750 (3 HARI)\n🇸🇬SG VIP : Rp 2.000 (7 HARI)\n🇸🇬SG VIP : Rp 3.500 (15 HARI)\n🇸🇬SG VIP : Rp 5.000 (22 HARI) \n🇸🇬SG VIP : Rp 7.000 (30 HARI)\n🇸🇬SG VIP : Rp 15.000 (60 HARI) \n2. vvip.sgpremium.my.id\n*SPESIFIKASI :*\n~RAM 8 GB\n~vCPUs 4 AMD\n~160 GB Disk\n🇸🇬SG VVIP : Rp 2.000 (3 HARI)\n🇸🇬SG VVIP : Rp 3.500 (7 HARI)\n🇸🇬SG VVIP : Rp 5.000 (15 HARI)\n🇸🇬SG VVIP : Rp 7.000 (22 HARI) \n🇸🇬SG VVIP : Rp 10.000 (30 HARI)\n🇸🇬SG VVIP : Rp 20.000 (60 HARI) \n=================================\n*SERVER INDONESIA BUKA✓*\n📝LIST HARGA & SERVER :\n1. - nusa.idpremium.my.id\n - nusa1.idpremium.my.id\n*SPESIFIKASI :*\n~RAM 1 GB\n~CPU 1\n~25 GB SSD Disk\n~Unlimitid Bandwidth\nISP : Media Antar Nusa PT.\n🇮🇩ID NUSA : Rp 2.000 (3 HARI)\n🇮🇩ID NUSA : Rp 3.500 (7 HARI)\n🇮🇩ID NUSA : Rp 5.000 (15 HARI)\n🇮🇩ID NUSA : Rp 7.000 (22 HARI) \n🇮🇩ID NUSA : Rp 10.000 (30 HARI)\n🇮🇩ID NUSA : Rp 20.000 (60 HARI) \n====================================\nKhusus Pulsa : ↙️\nHarga.+5k\n====================================\n• MINTA CONFIG MENTAHAN Rp 1.000\n• CONFIG PREMIUM DARI SAYA GRATIS\n====================================\n✅BISA TRIAL DULU\n===================================\n💵PEMBAYARAN VIA ALL PAYMET :\n💳DANA VIA QRIS\n💳LINKAJA VIA QRIS\n💳OVO VIA QRIS\n💳SHOPEEPAY VIA QRIS \n💳GOPAY VIA QRIS\n💳BRI MOBILE VIA QRIS\n💳PULSA *(NOMER TRANSAKSI PULSA CHAT ADMIN, HARGA PULSA BERBEDA)*\nJika Sudah di tranfer Secrenshoot bukti pembayaran Dan segera saya preses😉\n=====================================\n*✅KELEBIHAN BELI AKUN PREMIUM✅*\nNonton YouTube Lancar 4K✓\nServer Tidak Gampang Error✓\nBuat Download Fast Speed✓\nANTI RECONNECT✓\nSupport Video Call (GANTI UDP 7100-7900)✓\nSupport GAME (TERGANTUNG TKP)✓\nKoneksi stabil ✓\nFast Connect ✓\nGaransi 100%✓\nBonus Config✓\nDLL\n=====================================\n*⚙️PENGATURAN PEMBELI⚙️*\nNO DDOS !!!\nNO HACKING !!! \nNO CARDING !!!\nNO TORRENT !!!\nNO SPAMMING !!! \nNO PLAYING PLAYSTATION !!!\nMAX 2 Device !!!\n*Melanggar AUTO BAN!!!* \n=====================================\n☎️MINAT ?? HUBUNGI : \n✅WhatsApp : wa.me/+6281327393959 \n✅Telegram : https://t.me/ARI_VPN_STORE\n✅Testimoni : t.me/RAJA_VPN_STORE\n✅100% Amanah🙏\n✅SUDAH TERPERCAYA 😉",
      "isImage": false,
      "image_url": "-"
   },
   {
      "id": "120363040808931985@g.us",
      "key": "bayar",
      "response": "───「 *TRANFER VIA QRIS* 」────\n💵PEMBAYARAN VIA ALL PAYMET :\n💳DANA VIA QRIS \n💳LINK AJA VIA QRIS\n💳OVO VIA QRIS\n💳SHOPEEPAY VIA QRIS \n💳GOPAY VIA QRIS \n💳BRI MOBILE VIA QRIS\n*(penambahan harga untuk transaksi via pulsa!)*\n💳PULSA NOMER CHAT ADMIN \nJika Sudah di tranfer Secrenshoot bukti pembayaran Dan segera saya preses😉",
      "isImage": false,
      "image_url": "-"
   }
]